{"initial_reset_timestamp": 1536341306.4543185, "timestamps": [1536341309.3616307, 1536341312.318516, 1536341312.3938127], "episode_lengths": [74, 87, 87], "episode_rewards": [94.08709723291905, 93.76186640299453, 93.74454056452187], "episode_types": ["t", "t", "t"]}